DEPTH,
2013.25,0
2013.41,0
2013.56,0
2013.71,0
2013.86,0
2014.01,0
2014.17,0
2014.32,0
2014.47,0
2014.62,0
2014.78,0
2014.93,0
2015.08,0
2015.23,0
2015.39,0
2015.54,0
2015.69,0
2015.84,0
2016,0
2016.15,0
2016.3,0
2016.45,0
2016.61,0
2016.76,0
2016.91,0
2017.06,0
2017.22,0
2017.37,0
2017.52,0
2017.67,0
2017.82,0
2017.98,0
2018.13,0
2018.28,0
2018.43,0
2018.59,0
2018.74,0
2018.89,0
2019.04,0
2019.2,0
2019.35,0
2019.5,0
2019.65,0
2019.81,0
2019.96,0
2020.11,0
2020.26,0
2020.42,0
2020.57,0
2020.72,0
2020.87,0
2021.03,0
2021.18,0
2021.33,0
2021.48,0
2021.63,0
2021.79,0
2021.94,0
2022.09,0
2022.24,0
2022.4,0
2022.55,0
2022.7,0
2022.85,0
2023.01,0
2023.16,0
2023.31,0
2023.46,0
2023.62,0
2023.77,0
2023.92,0
2024.07,0
2024.23,0
2024.38,0
2024.53,0
2024.68,0
2024.84,0
2024.99,0
2025.14,0
2025.29,0
2025.44,0
2025.6,0
2025.75,0
2025.9,0
2026.05,0
2026.21,0
2026.36,0
2026.51,0
2026.66,0
2026.82,0
2026.97,0
2027.12,1
2027.27,1
2027.43,1
2027.58,1
2027.73,1
2027.88,1
2028.04,1
2028.19,1
2028.34,1
2028.49,1
2028.65,1
2028.8,1
2028.95,1
2029.1,1
2029.25,1
2029.41,1
2029.56,1
2029.71,1
2029.86,1
2030.02,1
2030.17,1
2030.32,1
2030.47,1
2030.63,1
2030.78,1
2030.93,1
2031.08,1
2031.24,1
2031.39,1
2031.54,1
2031.69,1
2031.85,1
2032,1
2032.15,1
2032.3,1
2032.46,1
2032.61,1
2032.76,1
2032.91,1
2033.06,1
2033.22,1
2033.37,1
2033.52,1
2033.67,1
2033.83,1
2033.98,1
2034.13,1
2034.28,1
2034.44,1
2034.59,1
2034.74,1
2034.89,1
2035.05,1
2035.2,1
2035.35,1
2035.5,1
2035.66,1
2035.81,1
2035.96,1
2036.11,1
2036.27,1
2036.42,1
2036.57,1
2036.72,1
2036.87,1
2037.03,1
2037.18,1
2037.33,1
2037.48,1
2037.64,1
2037.79,1
2037.94,1
2038.09,1
2038.25,1
2038.4,1
2038.55,1
2038.7,1
2038.86,1
2039.01,1
2039.16,1
2039.31,1
2039.47,1
2039.62,1
2039.77,1
2039.92,1
2040.08,1
2040.23,1
2040.38,1
2040.53,1
2040.68,1
2040.84,1
2040.99,1
2041.14,1
2041.29,1
2041.45,1
2041.6,1
2041.75,1
2041.9,1
2042.06,1
2042.21,1
2042.36,1
2042.51,1
2042.67,1
2042.82,1
2042.97,1
2043.12,1
2043.28,1
2043.43,1
2043.58,1
2043.73,1
2043.89,1
2044.04,1
2044.19,1
2044.34,1
2044.49,1
2044.65,1
2044.8,1
2044.95,1
2045.1,1
2045.26,1
2045.41,1
2045.56,1
2045.71,1
2045.87,1
2046.02,1
2046.17,1
2046.32,1
2046.48,1
2046.63,1
2046.78,1
2046.93,1
2047.09,1
2047.24,1
2047.39,1
2047.54,1
2047.7,1
2047.85,1
2048,1
2048.15,1
2048.3,1
2048.46,1
2048.61,1
2048.76,1
2048.91,1
2049.07,1
2049.22,1
2049.37,1
2049.52,1
2049.68,1
2049.83,1
2049.98,1
2050.13,1
2050.29,1
2050.44,1
2050.59,1
2050.74,1
2050.9,1
2051.05,1
2051.2,1
2051.35,1
2051.51,1
2051.66,1
2051.81,1
2051.96,1
2052.11,1
2052.27,1
2052.42,1
2052.57,1
2052.72,1
2052.88,1
2053.03,1
2053.18,1
2053.33,1
2053.49,1
2053.64,1
2053.79,1
2053.94,1
2054.1,1
2054.25,1
2054.4,1
2054.55,1
2054.71,1
2054.86,1
2055.01,1
2055.16,1
2055.32,1
2055.47,1
2055.62,1
2055.77,1
2055.92,1
2056.08,1
2056.23,1
2056.38,1
2056.53,1
2056.69,1
2056.84,1
2056.99,1
2057.14,1
2057.3,1
2057.45,1
2057.6,1
2057.75,1
2057.91,1
2058.06,1
2058.21,1
2058.36,1
2058.52,1
2058.67,1
2058.82,1
2058.97,1
2059.13,1
2059.28,1
2059.43,1
2059.58,1
2059.73,1
2059.89,1
2060.04,1
2060.19,1
2060.34,1
2060.5,1
2060.65,1
2060.8,1
2060.95,1
2061.11,1
2061.26,1
2061.41,1
2061.56,1
2061.72,1
2061.87,1
2062.02,1
2062.17,1
2062.33,1
2062.48,1
2062.63,1
2062.78,1
2062.94,1
2063.09,1
2063.24,1
2063.39,1
2063.54,1
2063.7,1
2063.85,1
2064,1
2064.15,1
2064.31,1
2064.46,1
2064.61,1
2064.76,1
2064.92,1
2065.07,1
2065.22,1
2065.37,1
2065.53,1
2065.68,1
2065.83,1
2065.98,1
2066.14,1
2066.29,1
2066.44,1
2066.59,1
2066.75,1
2066.9,1
2067.05,1
2067.2,1
2067.35,1
2067.51,1
2067.66,1
2067.81,1
2067.96,1
2068.12,1
2068.27,1
2068.42,1
2068.57,1
2068.73,1
2068.88,1
2069.03,1
2069.18,1
2069.34,1
2069.49,1
2069.64,1
2069.79,1
2069.95,1
2070.1,1
2070.25,1
2070.4,1
2070.56,1
2070.71,1
2070.86,1
2071.01,1
2071.16,1
2071.32,1
2071.47,1
2071.62,1
2071.77,1
2071.93,1
2072.08,1
2072.23,1
2072.38,1
2072.54,1
2072.69,1
2072.84,1
2072.99,1
2073.15,1
2073.3,1
2073.45,1
2073.6,1
2073.76,1
2073.91,1
2074.06,1
2074.21,1
2074.37,1
2074.52,1
2074.67,1
2074.82,1
2074.97,1
2075.13,1
2075.28,1
2075.43,1
2075.58,1
2075.74,1
2075.89,1
2076.04,2
2076.19,2
2076.35,2
2076.5,2
2076.65,2
2076.8,2
2076.96,2
2077.11,2
2077.26,2
2077.41,2
2077.57,2
2077.72,2
2077.87,2
2078.02,2
2078.18,2
2078.33,2
2078.48,2
2078.63,2
2078.78,2
2078.94,2
2079.09,2
2079.24,2
2079.39,2
2079.55,2
2079.7,2
2079.85,2
2080,2
2080.16,2
2080.31,2
2080.46,2
2080.61,2
2080.77,2
2080.92,2
2081.07,2
2081.22,2
2081.38,2
2081.53,2
2081.68,2
2081.83,2
2081.99,2
2082.14,2
2082.29,2
2082.44,2
2082.59,2
2082.75,2
2082.9,2
2083.05,2
2083.2,2
2083.36,2
2083.51,2
2083.66,2
2083.81,2
2083.97,2
2084.12,2
2084.27,2
2084.42,2
2084.58,2
2084.73,2
2084.88,2
2085.03,2
2085.19,2
2085.34,2
2085.49,2
2085.64,2
2085.8,2
2085.95,2
2086.1,2
2086.25,2
2086.4,2
2086.56,2
2086.71,2
2086.86,2
2087.01,2
2087.17,2
2087.32,2
2087.47,2
2087.62,2
2087.78,2
2087.93,2
2088.08,2
2088.23,2
2088.39,2
2088.54,2
2088.69,2
2088.84,2
2089,2
2089.15,2
2089.3,2
2089.45,2
2089.61,2
2089.76,2
2089.91,2
2090.06,2
2090.21,2
2090.37,2
2090.52,2
2090.67,2
2090.82,2
2090.98,2
2091.13,2
2091.28,2
2091.43,2
2091.59,2
2091.74,2
2091.89,2
2092.04,2
2092.2,2
2092.35,2
2092.5,2
2092.65,2
2092.81,2
2092.96,2
2093.11,2
2093.26,2
2093.42,2
2093.57,2
2093.72,2
2093.87,2
2094.02,2
2094.18,2
2094.33,2
2094.48,2
2094.63,2
2094.79,2
2094.94,2
2095.09,2
2095.24,2
2095.4,2
2095.55,2
2095.7,2
2095.85,2
2096.01,2
2096.16,2
2096.31,2
2096.46,2
2096.62,2
2096.77,2
2096.92,2
2097.07,2
2097.23,2
2097.38,2
2097.53,2
2097.68,2
2097.83,2
2097.99,2
2098.14,2
2098.29,2
2098.44,2
2098.6,2
2098.75,2
2098.9,2
2099.05,2
2099.21,2
2099.36,2
2099.51,2
2099.66,2
2099.82,2
2099.97,2
2100.12,2
2100.27,2
2100.43,2
2100.58,2
2100.73,2
2100.88,2
2101.04,2
2101.19,2
2101.34,2
2101.49,2
2101.64,2
2101.8,2
2101.95,2
2102.1,2
2102.25,2
2102.41,2
2102.56,2
2102.71,2
2102.86,2
2103.02,2
2103.17,2
2103.32,2
2103.47,2
2103.63,2
2103.78,2
2103.93,2
2104.08,2
2104.24,2
2104.39,2
2104.54,2
2104.69,2
2104.85,2
2105,2
2105.15,2
2105.3,2
2105.45,2
2105.61,2
2105.76,2
2105.91,2
2106.06,2
2106.22,2
2106.37,2
2106.52,2
2106.67,2
2106.83,2
2106.98,2
2107.13,2
2107.28,2
2107.44,2
2107.59,2
2107.74,2
2107.89,2
2108.05,2
2108.2,2
2108.35,2
2108.5,2
2108.66,2
2108.81,2
2108.96,2
2109.11,2
2109.26,2
2109.42,2
2109.57,2
2109.72,2
2109.87,2
2110.03,2
2110.18,2
2110.33,2
2110.48,2
2110.64,2
2110.79,2
2110.94,2
2111.09,2
2111.25,2
2111.4,2
2111.55,2
2111.7,2
2111.86,2
2112.01,2
2112.16,2
2112.31,2
2112.47,2
2112.62,2
2112.77,2
2112.92,2
2113.07,2
2113.23,2
2113.38,2
2113.53,2
2113.68,2
2113.84,2
2113.99,2
2114.14,2
2114.29,2
2114.45,2
2114.6,2
2114.75,2
2114.9,2
2115.06,2
2115.21,2
2115.36,2
2115.51,2
2115.67,2
2115.82,2
2115.97,2
2116.12,2
2116.28,2
2116.43,2
2116.58,2
2116.73,2
2116.88,2
2117.04,2
2117.19,2
2117.34,2
2117.49,2
2117.65,2
2117.8,2
2117.95,2
2118.1,2
2118.26,2
2118.41,2
2118.56,2
2118.71,2
2118.87,2
2119.02,2
2119.17,2
2119.32,2
2119.48,2
2119.63,2
2119.78,2
2119.93,2
2120.09,2
2120.24,2
2120.39,2
2120.54,2
2120.69,2
2120.85,2
2121,2
2121.15,2
2121.3,2
2121.46,2
2121.61,2
2121.76,2
2121.91,2
2122.07,2
2122.22,2
2122.37,2
2122.52,2
2122.68,2
2122.83,2
2122.98,2
2123.13,2
2123.29,2
2123.44,2
2123.59,2
2123.74,2
2123.9,2
2124.05,2
2124.2,2
2124.35,2
2124.5,2
2124.66,2
2124.81,2
2124.96,2
2125.11,2
2125.27,2
2125.42,2
2125.57,2
2125.72,2
2125.88,2
2126.03,2
2126.18,2
2126.33,2
2126.49,2
2126.64,2
2126.79,2
2126.94,2
2127.1,3
2127.25,3
2127.4,3
2127.55,3
2127.71,3
2127.86,3
2128.01,3
2128.16,3
2128.31,3
2128.47,3
2128.62,3
2128.77,3
2128.92,3
2129.08,3
2129.23,3
2129.38,3
2129.53,3
2129.69,3
2129.84,3
2129.99,3
2130.14,3
2130.3,3
2130.45,3
2130.6,3
2130.75,3
2130.91,3
2131.06,3
2131.21,3
2131.36,3
2131.52,3
2131.67,3
2131.82,3
2131.97,3
2132.12,3
2132.28,3
2132.43,3
2132.58,3
2132.73,3
2132.89,3
2133.04,3
2133.19,3
2133.34,3
2133.5,3
2133.65,3
2133.8,3
2133.95,3
2134.11,3
2134.26,3
2134.41,3
2134.56,3
2134.72,3
2134.87,3
2135.02,3
2135.17,3
2135.33,3
2135.48,3
2135.63,3
2135.78,3
2135.93,3
2136.09,3
2136.24,3
2136.39,3
2136.54,3
2136.7,3
2136.85,3
2137,3
2137.15,3
2137.31,3
2137.46,3
2137.61,3
2137.76,3
2137.92,3
2138.07,3
2138.22,3
2138.37,3
2138.53,3
2138.68,3
2138.83,3
2138.98,3
2139.14,3
2139.29,3
2139.44,3
2139.59,3
2139.74,3
2139.9,3
2140.05,3
2140.2,3
2140.35,3
2140.51,3
2140.66,3
2140.81,3
2140.96,3
2141.12,3
2141.27,3
2141.42,3
2141.57,3
2141.73,3
2141.88,3
2142.03,3
2142.18,3
2142.34,3
2142.49,3
2142.64,3
2142.79,3
2142.95,3
2143.1,3
2143.25,3
2143.4,3
2143.55,3
2143.71,3
2143.86,3
2144.01,3
2144.16,3
2144.32,3
2144.47,3
2144.62,3
2144.77,3
2144.93,3
2145.08,3
2145.23,3
2145.38,3
2145.54,3
2145.69,3
2145.84,3
2145.99,3
2146.15,3
2146.3,3
2146.45,3
2146.6,3
2146.76,3
2146.91,3
2147.06,3
2147.21,3
2147.36,3
2147.52,3
2147.67,3
2147.82,3
2147.97,3
2148.13,3
2148.28,3
2148.43,3
2148.58,3
2148.74,3
2148.89,3
2149.04,3
2149.19,3
2149.35,3
2149.5,3
2149.65,3
2149.8,3
2149.96,3
2150.11,3
2150.26,3
2150.41,3
2150.57,3
2150.72,3
2150.87,3
2151.02,3
2151.17,3
2151.33,3
2151.48,3
2151.63,3
2151.78,3
2151.94,3
2152.09,3
2152.24,3
2152.39,3
2152.55,3
2152.7,3
2152.85,3
2153,3
2153.16,3
2153.31,3
2153.46,3
2153.61,3
2153.77,3
2153.92,3
2154.07,4
2154.22,4
2154.38,4
2154.53,4
2154.68,4
2154.83,4
2154.98,4
2155.14,4
2155.29,4
2155.44,4
2155.59,4
2155.75,4
2155.9,4
2156.05,4
2156.2,4
2156.36,4
2156.51,4
2156.66,4
2156.81,4
2156.97,4
2157.12,4
2157.27,4
2157.42,4
2157.58,4
2157.73,4
2157.88,4
2158.03,4
2158.19,4
2158.34,4
2158.49,4
2158.64,4
2158.79,4
2158.95,4
2159.1,4
2159.25,4
2159.4,4
2159.56,4
2159.71,4
2159.86,4
2160.01,4
2160.17,4
2160.32,4
2160.47,4
2160.62,4
2160.78,4
2160.93,4
2161.08,4
2161.23,4
2161.39,4
2161.54,4
2161.69,4
2161.84,4
2162,4
2162.15,4
2162.3,4
2162.45,4
2162.6,4
2162.76,4
2162.91,4
2163.06,4
2163.21,4
2163.37,4
2163.52,4
2163.67,4
2163.82,4
2163.98,4
2164.13,4
2164.28,4
2164.43,4
2164.59,4
2164.74,4
2164.89,4
2165.04,4
2165.2,4
2165.35,4
2165.5,4
2165.65,4
2165.81,4
2165.96,4
2166.11,4
2166.26,4
2166.41,4
2166.57,4
2166.72,4
2166.87,4
2167.02,4
2167.18,4
2167.33,4
2167.48,4
2167.63,4
2167.79,4
2167.94,4
2168.09,4
2168.24,4
2168.4,4
2168.55,4
2168.7,4
2168.85,4
2169.01,4
2169.16,4
2169.31,4
2169.46,4
2169.62,4
2169.77,4
2169.92,4
2170.07,4
2170.22,4
2170.38,4
2170.53,4
2170.68,4
2170.83,4
2170.99,4
2171.14,4
2171.29,4
2171.44,4
2171.6,4
2171.75,4
2171.9,4
2172.05,4
2172.21,4
2172.36,4
2172.51,4
2172.66,4
2172.82,4
2172.97,4
2173.12,4
2173.27,4
2173.43,4
2173.58,4
2173.73,4
2173.88,4
2174.03,4
2174.19,4
2174.34,4
2174.49,4
2174.64,4
2174.8,4
2174.95,4
2175.1,4
2175.25,4
2175.41,4
2175.56,4
2175.71,4
2175.86,4
2176.02,4
2176.17,4
2176.32,4
2176.47,4
2176.63,4
2176.78,4
2176.93,4
2177.08,4
2177.24,4
2177.39,4
2177.54,4
2177.69,4
2177.84,4
2178,4
2178.15,4
2178.3,4
2178.45,4
2178.61,4
2178.76,4
2178.91,4
2179.06,4
2179.22,4
2179.37,4
2179.52,4
2179.67,4
2179.83,4
2179.98,4
2180.13,4
2180.28,4
2180.44,4
2180.59,4
2180.74,4
2180.89,4
2181.05,4
2181.2,4
2181.35,4
2181.5,4
2181.65,4
2181.81,4
2181.96,4
2182.11,4
2182.26,4
2182.42,4
2182.57,4
2182.72,4
2182.87,4
2183.03,4
2183.18,4
2183.33,4
2183.48,4
2183.64,4
2183.79,4
2183.94,4
2184.09,4
2184.25,4
2184.4,4
2184.55,4
2184.7,4
2184.86,4
2185.01,4
2185.16,4
2185.31,4
2185.46,4
2185.62,4
2185.77,4
2185.92,4
2186.07,4
2186.23,4
2186.38,4
2186.53,4
2186.68,4
2186.84,4
2186.99,4
2187.14,4
2187.29,4
2187.45,4
2187.6,4
2187.75,4
2187.9,4
2188.06,4
2188.21,4
2188.36,4
2188.51,4
2188.67,4
2188.82,4
2188.97,4
2189.12,4
2189.27,4
2189.43,4
2189.58,4
2189.73,4
2189.88,4
2190.04,4
2190.19,4
2190.34,4
2190.49,4
2190.65,4
2190.8,4
2190.95,4
2191.1,4
2191.26,4
2191.41,4
2191.56,4
2191.71,4
2191.87,4
2192.02,4
2192.17,4
2192.32,4
2192.48,4
2192.63,4
2192.78,4
2192.93,4
2193.08,4
2193.24,4
2193.39,4
2193.54,4
2193.69,4
2193.85,4
2194,4
2194.15,4
2194.3,4
2194.46,4
2194.61,4
2194.76,4
2194.91,4
2195.07,4
2195.22,4
2195.37,4
2195.52,4
2195.68,4
2195.83,4
2195.98,4
2196.13,4
2196.29,4
2196.44,4
2196.59,4
2196.74,4
2196.89,4
2197.05,4
2197.2,4
2197.35,4
2197.5,4
2197.66,4
2197.81,4
2197.96,4
2198.11,4
2198.27,4
2198.42,4
2198.57,4
2198.72,4
2198.88,4
2199.03,4
2199.18,4
2199.33,4
2199.49,4
2199.64,4
2199.79,4
2199.94,4
2200.1,4
2200.25,4
2200.4,4
2200.55,4
2200.7,4
2200.86,4
2201.01,4
2201.16,4
2201.31,4
2201.47,4
2201.62,4
2201.77,4
2201.92,4
2202.08,4
2202.23,4
2202.38,4
2202.53,4
2202.69,4
2202.84,4
2202.99,4
2203.14,4
2203.3,4
2203.45,4
2203.6,4
2203.75,4
2203.91,4
2204.06,4
2204.21,4
2204.36,4
2204.51,4
2204.67,4
2204.82,4
2204.97,4
2205.12,4
2205.28,4
2205.43,4
2205.58,4
2205.73,4
2205.89,4
2206.04,4
2206.19,4
2206.34,4
2206.5,4
2206.65,4
2206.8,4
2206.95,4
2207.11,4
2207.26,4
2207.41,4
2207.56,4
2207.72,4
2207.87,4
2208.02,4
2208.17,4
2208.32,4
2208.48,4
2208.63,4
2208.78,4
2208.93,4
2209.09,4
2209.24,4
2209.39,4
2209.54,4
2209.7,4
2209.85,4
2210,4
2210.15,4
2210.31,4
2210.46,4
2210.61,4
2210.76,4
2210.92,4
2211.07,4
2211.22,4
2211.37,4
2211.53,4
2211.68,4
2211.83,4
2211.98,4
2212.13,4
2212.29,4
2212.44,4
2212.59,4
2212.74,4
2212.9,4
2213.05,4
2213.2,4
2213.35,4
2213.51,4
2213.66,4
2213.81,4
2213.96,4
2214.12,4
2214.27,4
2214.42,4
2214.57,4
2214.73,4
2214.88,4
2215.03,4
2215.18,4
2215.34,4
2215.49,4
2215.64,4
2215.79,4
2215.94,4
2216.1,4
2216.25,4
2216.4,4
2216.55,4
2216.71,4
2216.86,4
2217.01,4
2217.16,4
2217.32,4
2217.47,4
2217.62,4
2217.77,4
2217.93,4
2218.08,4
2218.23,4
2218.38,4
2218.54,4
2218.69,4
2218.84,4
2218.99,4
2219.15,4
2219.3,4
2219.45,4
2219.6,4
2219.75,4
2219.91,4
2220.06,4
2220.21,4
2220.36,4
2220.52,4
2220.67,4
2220.82,4
2220.97,4
2221.13,4
2221.28,4
2221.43,4
2221.58,4
2221.74,4
2221.89,4
2222.04,4
2222.19,4
2222.35,4
2222.5,4
2222.65,4
2222.8,4
2222.96,4
2223.11,4
2223.26,4
2223.41,4
2223.56,4
2223.72,4
2223.87,4
2224.02,4
2224.17,4
2224.33,4
2224.48,4
2224.63,4
2224.78,4
2224.94,4
2225.09,4
2225.24,4
2225.39,4
2225.55,4
2225.7,4
2225.85,4
2226,4
2226.16,4
2226.31,4
2226.46,4
2226.61,4
2226.77,4
2226.92,4
2227.07,4
2227.22,4
2227.37,4
2227.53,4
2227.68,4
2227.83,4
2227.98,4
2228.14,4
2228.29,4
2228.44,4
2228.59,4
2228.75,4
2228.9,4
2229.05,4
2229.2,4
2229.36,4
2229.51,4
2229.66,4
2229.81,4
2229.97,4
2230.12,4
2230.27,4
2230.42,4
2230.58,4
2230.73,4
2230.88,4
2231.03,4
2231.18,4
2231.34,4
2231.49,4
2231.64,4
2231.79,4
2231.95,4
2232.1,4
2232.25,4
2232.4,4
2232.56,4
2232.71,4
2232.86,4
2233.01,4
2233.17,4
2233.32,4
2233.47,4
2233.62,4
2233.78,4
2233.93,4
2234.08,4
2234.23,4
2234.39,4
2234.54,4
2234.69,4
2234.84,4
2234.99,4
2235.15,4
2235.3,4
2235.45,4
2235.6,4
2235.76,4
2235.91,4
2236.06,4
2236.21,4
2236.37,4
2236.52,4
2236.67,4
2236.82,4
2236.98,4
2237.13,4
2237.28,4
2237.43,4
2237.59,4
2237.74,4
2237.89,4
2238.04,4
2238.2,4
2238.35,4
2238.5,4
2238.65,4
2238.8,4
2238.96,4
2239.11,4
2239.26,4
2239.41,4
2239.57,4
2239.72,4
2239.87,4
2240.02,4
2240.18,4
2240.33,4
2240.48,4
2240.63,4
2240.79,4
2240.94,4
2241.09,4
2241.24,4
2241.4,4
2241.55,4
2241.7,4
2241.85,4
2242.01,4
2242.16,4
2242.31,4
2242.46,4
2242.61,4
2242.77,4
2242.92,4
2243.07,4
2243.22,4
2243.38,4
2243.53,4
2243.68,4
2243.83,4
2243.99,4
2244.14,4
2244.29,4
2244.44,4
2244.6,4
2244.75,4
2244.9,4
2245.05,4
2245.21,4
2245.36,4
2245.51,4
2245.66,4
2245.82,4
2245.97,4
2246.12,4
2246.27,4
2246.42,4
2246.58,4
2246.73,4
2246.88,4
2247.03,4
2247.19,4
2247.34,4
2247.49,4
2247.64,4
2247.8,4
2247.95,4
2248.1,4
2248.25,4
2248.41,4
2248.56,4
2248.71,4
2248.86,4
2249.02,4
2249.17,4
2249.32,4
2249.47,4
2249.63,4
2249.78,4
2249.93,4
2250.08,4
2250.23,4
2250.39,4
2250.54,4
2250.69,4
2250.84,4
2251,4
2251.15,4
2251.3,4
2251.45,4
2251.61,4
2251.76,4
2251.91,4
2252.06,4
2252.22,4
2252.37,4
2252.52,4
2252.67,4
2252.83,4
2252.98,4
2253.13,4
2253.28,4
2253.44,4
2253.59,4
2253.74,4
2253.89,4
2254.04,4
2254.2,4
2254.35,4
2254.5,4
2254.65,4
2254.81,4
2254.96,4
2255.11,4
2255.26,4
2255.42,4
2255.57,4
2255.72,4
2255.87,4
2256.03,4
2256.18,4
2256.33,4
2256.48,4
2256.64,4
2256.79,4
2256.94,4
2257.09,4
2257.25,4
2257.4,4
2257.55,4
2257.7,4
2257.85,4
2258.01,4
2258.16,4
2258.31,4
2258.46,4
2258.62,4
2258.77,4
2258.92,4
2259.07,4
2259.23,4
2259.38,4
2259.53,4
2259.68,4
2259.84,4
2259.99,4
2260.14,4
2260.29,4
2260.45,4
2260.6,4
2260.75,4
2260.9,4
2261.06,4
2261.21,4
2261.36,4
2261.51,4
2261.66,4
2261.82,4
2261.97,4
2262.12,4
2262.27,4
2262.43,4
2262.58,4
2262.73,4
2262.88,4
2263.04,4
2263.19,4
2263.34,4
2263.49,4
2263.65,4
2263.8,4
2263.95,4
2264.1,4
2264.26,4
2264.41,4
2264.56,4
2264.71,4
2264.87,4
2265.02,4
2265.17,4
2265.32,4
2265.47,4
2265.63,4
2265.78,4
2265.93,4
2266.08,4
2266.24,4
2266.39,4
2266.54,4
2266.69,4
2266.85,4
2267,4
2267.15,4
2267.3,4
2267.46,4
2267.61,4
2267.76,4
2267.91,4
2268.07,4
2268.22,4
2268.37,4
2268.52,4
2268.68,4
2268.83,4
2268.98,4
2269.13,4
2269.28,4
2269.44,4
2269.59,4
2269.74,4
2269.89,4
2270.05,4
2270.2,4
2270.35,4
2270.5,4
2270.66,4
2270.81,4
2270.96,4
2271.11,4
2271.27,4
2271.42,4
2271.57,4
2271.72,4
2271.88,4
2272.03,4
2272.18,4
2272.33,4
2272.49,4
2272.64,4
2272.79,4
2272.94,4
2273.09,4
2273.25,4
2273.4,4
2273.55,4
2273.7,4
2273.86,4
2274.01,4
2274.16,4
2274.31,4
2274.47,4
2274.62,4
2274.77,4
2274.92,4
2275.08,4
2275.23,4
2275.38,4
2275.53,4
2275.69,4
2275.84,4
2275.99,4
2276.14,4
2276.3,4
2276.45,4
2276.6,4
2276.75,4
2276.9,4
2277.06,4
2277.21,4
2277.36,4
2277.51,4
2277.67,4
2277.82,4
2277.97,4
2278.12,4
2278.28,4
2278.43,4
2278.58,4
2278.73,4
2278.89,4
2279.04,4
2279.19,4
2279.34,4
2279.5,4
2279.65,4
2279.8,4
2279.95,4
2280.11,4
2280.26,4
2280.41,4
2280.56,4
2280.71,4
2280.87,4
2281.02,4
2281.17,4
2281.32,4
2281.48,4
2281.63,4
2281.78,4
2281.93,4
2282.09,4
2282.24,4
2282.39,4
2282.54,4
2282.7,4
2282.85,4
2283,4
2283.15,4
2283.31,4
2283.46,4
2283.61,4
2283.76,4
2283.92,4
2284.07,4
2284.22,4
2284.37,4
2284.52,4
2284.68,4
2284.83,4
2284.98,4
2285.13,4
2285.29,4
2285.44,4
2285.59,4
2285.74,4
2285.9,4
2286.05,4
2286.2,4
2286.35,4
2286.51,4
2286.66,4
2286.81,4
2286.96,4
2287.12,4
2287.27,4
2287.42,4
2287.57,4
2287.73,4
2287.88,4
2288.03,4
2288.18,4
2288.33,4
2288.49,4
2288.64,4
2288.79,4
2288.94,4
2289.1,4
2289.25,4
2289.4,4
2289.55,4
2289.71,4
2289.86,4
2290.01,4
2290.16,4
2290.32,4
2290.47,4
2290.62,4
2290.77,4
2290.93,4
2291.08,4
2291.23,4
2291.38,4
2291.54,4
2291.69,4
2291.84,4
2291.99,4
2292.14,4
2292.3,4
2292.45,4
2292.6,4
2292.75,4
2292.91,4
2293.06,4
2293.21,4
2293.36,4
2293.52,4
2293.67,4
2293.82,4
2293.97,4
2294.13,4
2294.28,4
2294.43,4
2294.58,4
2294.74,4
2294.89,4
2295.04,4
2295.19,4
2295.35,4
2295.5,4
2295.65,4
2295.8,4
2295.95,4
2296.11,4
2296.26,4
2296.41,4
2296.56,4
2296.72,4
2296.87,4
2297.02,4
2297.17,4
2297.33,4
2297.48,4
2297.63,4
2297.78,4
2297.94,4
2298.09,4
2298.24,4
2298.39,4
2298.55,4
2298.7,4
2298.85,4
2299,4
2299.16,4
2299.31,4
2299.46,4
2299.61,4
2299.76,4
2299.92,4
2300.07,4
2300.22,4
2300.37,4
2300.53,4
2300.68,4
2300.83,4
2300.98,4
2301.14,4
2301.29,4
2301.44,4
2301.59,4
2301.75,4
2301.9,4
2302.05,4
2302.2,4
2302.36,4
2302.51,4
2302.66,4
2302.81,4
2302.97,4
2303.12,4
2303.27,4
2303.42,4
2303.57,4
2303.73,4
2303.88,4
2304.03,4
2304.18,4
2304.34,4
2304.49,4
2304.64,4
2304.79,4
2304.95,4
2305.1,4
2305.25,4
2305.4,4
2305.56,4
2305.71,4
2305.86,4
2306.01,4
2306.17,4
2306.32,4
2306.47,4
2306.62,4
2306.78,4
2306.93,4
2307.08,4
2307.23,4
2307.38,4
2307.54,4
2307.69,4
2307.84,4
2307.99,4
2308.15,4
2308.3,4
2308.45,4
2308.6,4
2308.76,4
2308.91,4
2309.06,4
2309.21,4
2309.37,4
2309.52,4
2309.67,4
2309.82,4
2309.98,4
2310.13,4
2310.28,4
2310.43,4
2310.59,4
2310.74,4
2310.89,4
2311.04,4
2311.19,4
2311.35,4
2311.5,4
2311.65,4
2311.8,4
2311.96,4
2312.11,4
2312.26,4
2312.41,4
2312.57,4
2312.72,4
2312.87,4
2313.02,4
2313.18,4
2313.33,4
2313.48,4
2313.63,4
2313.79,4
2313.94,4
2314.09,4
2314.24,4
2314.4,4
2314.55,4
2314.7,4
2314.85,4
2315,4
2315.16,4
2315.31,4
2315.46,4
2315.61,4
2315.77,4
2315.92,4
2316.07,4
2316.22,4
2316.38,4
2316.53,4
2316.68,4
2316.83,4
2316.99,4
2317.14,4
2317.29,4
2317.44,4
2317.6,4
2317.75,4
2317.9,4
2318.05,4
2318.21,4
2318.36,4
2318.51,4
2318.66,4
2318.81,4
2318.97,4
2319.12,4
2319.27,4
2319.42,4
2319.58,4
2319.73,4
2319.88,4
2320.03,4
2320.19,4
2320.34,4
2320.49,4
2320.64,4
2320.8,4
2320.95,4
2321.1,4
2321.25,4
2321.41,4
2321.56,4
2321.71,4
2321.86,4
2322.02,4
2322.17,4
2322.32,4
2322.47,4
2322.62,4
2322.78,4
2322.93,4
2323.08,4
2323.23,4
2323.39,4
2323.54,4
2323.69,4
2323.84,4
2324,4
2324.15,4
2324.3,4
2324.45,4
2324.61,4
2324.76,4
2324.91,4
2325.06,4
2325.22,4
2325.37,4
2325.52,4
2325.67,4
2325.83,4
2325.98,4
2326.13,4
2326.28,4
2326.43,4
2326.59,4
2326.74,4
2326.89,4
2327.04,4
2327.2,4
2327.35,4
2327.5,4
2327.65,4
2327.81,4
2327.96,4
2328.11,4
2328.26,4
2328.42,4
2328.57,4
2328.72,4
2328.87,4
2329.03,4
2329.18,4
2329.33,4
2329.48,4
2329.64,4
2329.79,4
2329.94,4
2330.09,4
2330.24,4
2330.4,4
2330.55,4
2330.7,4
2330.85,4
2331.01,4
2331.16,4
2331.31,4
2331.46,4
2331.62,4
2331.77,4
2331.92,4
2332.07,4
2332.23,4
2332.38,4
2332.53,4
2332.68,4
2332.84,4
2332.99,4
2333.14,4
2333.29,4
2333.45,4
2333.6,4
2333.75,4
2333.9,4
2334.05,4
2334.21,4
2334.36,4
2334.51,4
2334.66,4
2334.82,4
2334.97,4
2335.12,4
2335.27,4
2335.43,4
2335.58,4
2335.73,4
2335.88,4
2336.04,4
2336.19,4
2336.34,4
2336.49,4
2336.65,4
2336.8,4
2336.95,4
2337.1,4
2337.26,4
2337.41,4
2337.56,4
2337.71,4
2337.86,4
2338.02,4
2338.17,4
2338.32,4
2338.47,4
2338.63,4
2338.78,4
2338.93,4
2339.08,4
2339.24,4
2339.39,4
2339.54,4
2339.69,4
2339.85,4
2340,4
2340.15,4
2340.3,4
2340.46,4
2340.61,4
2340.76,4
2340.91,4
2341.07,4
2341.22,4
2341.37,4
2341.52,4
2341.67,4
2341.83,4
2341.98,4
2342.13,4
2342.28,4
2342.44,4
2342.59,4
2342.74,4
2342.89,4
2343.05,4
2343.2,4
2343.35,4
2343.5,4
2343.66,4
2343.81,4
2343.96,4
2344.11,4
2344.27,4
2344.42,4
2344.57,4
2344.72,4
2344.88,4
2345.03,4
2345.18,4
2345.33,4
2345.48,4
2345.64,4
2345.79,4
2345.94,4
2346.09,4
2346.25,4
2346.4,4
2346.55,4
2346.7,4
2346.86,4
2347.01,4
2347.16,4
2347.31,4
2347.47,4
2347.62,4
2347.77,4
2347.92,4
2348.08,4
2348.23,4
2348.38,4
2348.53,4
2348.69,4
2348.84,4
2348.99,4
2349.14,4
2349.29,4
2349.45,4
2349.6,4
2349.75,4
2349.9,4
2350.06,4
2350.21,4
2350.36,4
2350.51,4
2350.67,4
2350.82,4
2350.97,4
2351.12,4
2351.28,4
2351.43,4
2351.58,4
2351.73,4
2351.89,4
2352.04,4
2352.19,4
2352.34,4
2352.5,4
2352.65,4
2352.8,4
2352.95,4
2353.1,4
2353.26,4
2353.41,4
2353.56,4
2353.71,4
2353.87,4
2354.02,4
2354.17,4
2354.32,4
2354.48,4
2354.63,4
2354.78,4
2354.93,4
2355.09,4
2355.24,4
2355.39,4
2355.54,4
2355.7,4
2355.85,4
2356,4
2356.15,4
2356.31,4
2356.46,4
2356.61,4
2356.76,4
2356.91,4
2357.07,4
2357.22,4
2357.37,4
2357.52,4
2357.68,4
2357.83,4
2357.98,4
2358.13,4
2358.29,4
2358.44,4
2358.59,4
2358.74,4
2358.9,4
2359.05,4
2359.2,4
2359.35,4
2359.51,4
2359.66,4
2359.81,4
2359.96,4
2360.12,4
2360.27,4
2360.42,4
2360.57,4
2360.72,4
2360.88,4
2361.03,4
2361.18,4
2361.33,4
2361.49,4
2361.64,4
2361.79,4
2361.94,4
2362.1,4
2362.25,4
2362.4,4
2362.55,4
2362.71,4
2362.86,4
2363.01,4
2363.16,4
2363.32,4
2363.47,4
2363.62,4
2363.77,4
2363.93,4
2364.08,4
2364.23,4
2364.38,4
2364.53,4
2364.69,4
2364.84,4
2364.99,4
2365.14,4
2365.3,4
2365.45,4
2365.6,4
2365.75,4
2365.91,4
2366.06,4
2366.21,4
2366.36,4
2366.52,4
2366.67,4
2366.82,4
2366.97,4
2367.13,4
2367.28,4
2367.43,4
2367.58,4
2367.74,4
2367.89,4
2368.04,4
2368.19,4
2368.34,4
2368.5,4
2368.65,4
2368.8,4
2368.95,4
2369.11,4
2369.26,4
2369.41,4
2369.56,4
2369.72,4
2369.87,4
2370.02,4
2370.17,4
2370.33,4
2370.48,4
2370.63,4
2370.78,4
2370.94,4
2371.09,4
2371.24,4
2371.39,4
2371.55,4
2371.7,4
2371.85,4
2372,4
2372.15,4
2372.31,4
2372.46,4
2372.61,4
2372.76,4
2372.92,4
2373.07,4
2373.22,4
2373.37,4
2373.53,4
2373.68,4
2373.83,4
2373.98,4
2374.14,4
2374.29,4
2374.44,4
2374.59,4
2374.75,4
2374.9,4
2375.05,4
2375.2,4
2375.36,4
2375.51,4
2375.66,4
2375.81,4
2375.96,4
2376.12,4
2376.27,4
2376.42,4
2376.57,4
2376.73,4
2376.88,4
2377.03,4
2377.18,4
2377.34,4
2377.49,4
2377.64,4
2377.79,4
2377.95,4
2378.1,4
2378.25,4
2378.4,4
2378.56,4
2378.71,4
2378.86,4
2379.01,4
2379.17,4
2379.32,4
2379.47,4
2379.62,4
2379.77,4
2379.93,4
2380.08,4
2380.23,4
2380.38,4
2380.54,4
2380.69,4
2380.84,4
2380.99,4
2381.15,4
2381.3,4
2381.45,4
2381.6,4
2381.76,4
2381.91,4
2382.06,4
2382.21,4
2382.37,4
2382.52,4
2382.67,4
2382.82,4
2382.98,4
2383.13,4
2383.28,4
2383.43,4
2383.58,4
2383.74,4
2383.89,4
2384.04,4
2384.19,4
2384.35,4
2384.5,4
2384.65,4
2384.8,4
2384.96,4
2385.11,4
2385.26,4
2385.41,4
2385.57,4
2385.72,4
2385.87,4
2386.02,4
2386.18,4
2386.33,4
2386.48,4
2386.63,4
2386.79,4
2386.94,4
2387.09,4
2387.24,4
2387.39,4
2387.55,4
2387.7,4
2387.85,4
2388,4
2388.16,4
2388.31,4
2388.46,4
2388.61,4
2388.77,4
2388.92,4
2389.07,4
2389.22,4
2389.38,4
2389.53,4
2389.68,4
2389.83,4
2389.99,4
2390.14,4
2390.29,4
2390.44,4
2390.6,4
2390.75,4
2390.9,4
2391.05,4
2391.2,4
2391.36,4
2391.51,4
2391.66,4
2391.81,4
2391.97,4
2392.12,4
2392.27,4
2392.42,4
2392.58,4
2392.73,4
2392.88,4
2393.03,4
2393.19,4
2393.34,4
2393.49,4
2393.64,4
2393.8,4
2393.95,4
2394.1,4
2394.25,4
2394.41,4
2394.56,4
2394.71,4
2394.86,4
2395.01,4
2395.17,4
2395.32,4
2395.47,4
2395.62,4
2395.78,4
2395.93,4
2396.08,4
2396.23,4
2396.39,4
2396.54,4
2396.69,4
2396.84,4
2397,4
2397.15,4
2397.3,4
2397.45,4
2397.61,4
2397.76,4
2397.91,4
2398.06,4
2398.22,4
2398.37,4
2398.52,4
2398.67,4
2398.82,4
2398.98,4
2399.13,4
2399.28,4
2399.43,4
2399.59,4
2399.74,4
2399.89,4
2400.04,4
2400.2,4
2400.35,4
2400.5,4
2400.65,4
2400.81,4
2400.96,4
2401.11,4
2401.26,4
2401.42,4
2401.57,4
2401.72,4
2401.87,4
2402.03,4
2402.18,4
2402.33,4
2402.48,4
2402.63,4
2402.79,4
2402.94,4
2403.09,4
2403.24,4
2403.4,4
2403.55,4
2403.7,4
2403.85,4
2404.01,4
2404.16,4
2404.31,4
2404.46,4
2404.62,4
2404.77,4
2404.92,4
2405.07,4
2405.23,4
2405.38,4
2405.53,4
2405.68,4
2405.84,4
2405.99,4
2406.14,4
2406.29,4
2406.44,4
2406.6,4
2406.75,4
2406.9,4
2407.05,4
2407.21,4
2407.36,4
2407.51,4
2407.66,4
2407.82,4
2407.97,4
2408.12,4
2408.27,4
2408.43,4
2408.58,4
2408.73,4
2408.88,4
2409.04,4
2409.19,4
2409.34,4
2409.49,4
2409.65,4
2409.8,4
2409.95,4
2410.1,4
2410.25,4
2410.41,4
2410.56,4
2410.71,4
2410.86,4
2411.02,4
2411.17,4
2411.32,4
2411.47,4
2411.63,4
2411.78,4
2411.93,4
2412.08,4
2412.24,4
2412.39,4
2412.54,4
2412.69,4
2412.85,4
2413,4
2413.15,4
2413.3,4
2413.46,4
2413.61,4
2413.76,4
2413.91,4
2414.06,4
2414.22,4
2414.37,4
2414.52,4
2414.67,4
2414.83,4
2414.98,4
2415.13,4
2415.28,4
2415.44,4
2415.59,4
2415.74,4
2415.89,4
2416.05,4
2416.2,4
2416.35,4
2416.5,4
2416.66,4
2416.81,4
2416.96,4
2417.11,4
2417.27,4
2417.42,4
2417.57,4
2417.72,4
2417.87,4
2418.03,4
2418.18,4
2418.33,4
2418.48,4
2418.64,4
2418.79,4
2418.94,4
2419.09,4
2419.25,4
2419.4,4
2419.55,4
2419.7,4
2419.86,4
2420.01,4
2420.16,4
2420.31,4
2420.47,4
2420.62,4
2420.77,4
2420.92,4
2421.08,4
2421.23,4
2421.38,4
2421.53,4
2421.68,4
2421.84,4
2421.99,4
2422.14,4
2422.29,4
2422.45,4
2422.6,4
2422.75,4
2422.9,4
2423.06,4
2423.21,4
2423.36,4
2423.51,4
2423.67,4
2423.82,4
2423.97,4
2424.12,4
2424.28,4
2424.43,4
2424.58,4
2424.73,4
2424.89,4
2425.04,4
2425.19,4
2425.34,4
2425.49,4
2425.65,4
2425.8,4
2425.95,4
2426.1,4
2426.26,4
2426.41,4
2426.56,4
2426.71,4
2426.87,4
2427.02,4
2427.17,4
2427.32,4
2427.48,4
2427.63,4
2427.78,4
2427.93,4
2428.09,4
2428.24,4
2428.39,4
2428.54,4
2428.7,4
2428.85,4
2429,4
2429.15,4
2429.3,4
2429.46,4
2429.61,4
2429.76,4
2429.91,4
2430.07,4
2430.22,4
2430.37,4
2430.52,4
2430.68,4
2430.83,4
2430.98,4
2431.13,4
2431.29,4
2431.44,4
2431.59,4
2431.74,4
2431.9,4
2432.05,4
2432.2,4
2432.35,4
2432.51,4
2432.66,4
2432.81,4
2432.96,4
2433.11,4
2433.27,4
2433.42,4
2433.57,4
2433.72,4
2433.88,4
2434.03,4
2434.18,4
2434.33,4
2434.49,4
2434.64,4
2434.79,4
2434.94,4
2435.1,4
2435.25,4
2435.4,4
2435.55,4
2435.71,4
2435.86,4
2436.01,4
2436.16,4
2436.32,4
2436.47,4
2436.62,4
2436.77,4
2436.92,4
2437.08,4
2437.23,4
2437.38,4
2437.53,4
2437.69,4
2437.84,4
2437.99,4
2438.14,4
2438.3,4
2438.45,4
2438.6,4
2438.75,4
2438.91,4
2439.06,4
2439.21,4
2439.36,4
2439.52,4
2439.67,4
2439.82,4
2439.97,4
2440.13,4
2440.28,4
2440.43,4
2440.58,4
2440.73,4
2440.89,4
2441.04,4
2441.19,4
2441.34,4
2441.5,4
2441.65,4
2441.8,4
2441.95,4
2442.11,4
2442.26,4
2442.41,4
2442.56,4
2442.72,4
2442.87,4
2443.02,4
2443.17,4
2443.33,4
2443.48,4
2443.63,4
2443.78,4
2443.94,4
2444.09,4
2444.24,4
2444.39,4
2444.54,4
2444.7,4
2444.85,4
2445,4
2445.15,4
2445.31,4
2445.46,4
2445.61,4
2445.76,4
2445.92,4
2446.07,4
2446.22,4
2446.37,4
2446.53,4
2446.68,4
2446.83,4
2446.98,4
2447.14,4
2447.29,4
2447.44,4
2447.59,4
2447.75,4
2447.9,4
2448.05,4
2448.2,4
2448.35,4
2448.51,4
2448.66,4
2448.81,4
2448.96,4
2449.12,4
2449.27,4
2449.42,4
2449.57,4
2449.73,4
2449.88,4
2450.03,4
2450.18,4
2450.34,4
2450.49,4
2450.64,4
2450.79,4
2450.95,4
2451.1,4
2451.25,4
2451.4,4
2451.56,4
2451.71,4
2451.86,4
2452.01,4
2452.16,4
2452.32,4
2452.47,4
2452.62,4
2452.77,4
2452.93,4
2453.08,4
2453.23,4
2453.38,4
2453.54,4
2453.69,4
2453.84,4
2453.99,4
2454.15,4
2454.3,4
2454.45,4
2454.6,4
2454.76,4
2454.91,4
2455.06,4
2455.21,4
2455.37,4
2455.52,4
2455.67,4
2455.82,4
2455.97,4
2456.13,4
2456.28,4
2456.43,4
2456.58,4
2456.74,4
2456.89,4
2457.04,4
2457.19,4
2457.35,4
2457.5,4
2457.65,4
2457.8,4
2457.96,4
2458.11,5
2458.26,5
2458.41,5
2458.57,5
2458.72,5
2458.87,5
2459.02,5
2459.18,5
2459.33,5
2459.48,5
2459.63,5
2459.78,5
2459.94,5
2460.09,5
2460.24,5
2460.39,5
2460.55,5
2460.7,5
2460.85,5
2461,5
2461.16,5
2461.31,5
2461.46,5
2461.61,5
2461.77,5
2461.92,5
2462.07,5
2462.22,5
2462.38,5
2462.53,5
2462.68,5
2462.83,5
2462.99,5
2463.14,5
2463.29,5
2463.44,5
2463.59,5
2463.75,5
2463.9,5
2464.05,5
2464.2,5
2464.36,5
2464.51,5
2464.66,5
2464.81,5
2464.97,5
2465.12,5
2465.27,5
2465.42,5
2465.58,5
2465.73,5
2465.88,5
2466.03,5
2466.19,5
2466.34,5
2466.49,5
2466.64,5
2466.8,5
2466.95,5
2467.1,5
2467.25,5
2467.4,5
2467.56,5
2467.71,5
2467.86,5
2468.01,5
2468.17,5
2468.32,5
2468.47,5
2468.62,5
2468.78,5
2468.93,5
2469.08,5
2469.23,5
2469.39,5
2469.54,5
2469.69,5
2469.84,5
2470,5
2470.15,5
2470.3,5
2470.45,5
2470.61,5
2470.76,5
2470.91,5
2471.06,5
2471.21,5
2471.37,5
2471.52,5
2471.67,5
2471.82,5
2471.98,5
2472.13,5
2472.28,5
2472.43,5
2472.59,5
2472.74,5
2472.89,5
2473.04,5
2473.2,5
2473.35,5
2473.5,5
2473.65,5
2473.81,5
2473.96,5
2474.11,5
2474.26,5
2474.42,5
2474.57,5
2474.72,5
2474.87,5
2475.02,5
2475.18,5
2475.33,5
2475.48,5
2475.63,5
2475.79,5
2475.94,5
2476.09,5
2476.24,5
2476.4,5
2476.55,5
2476.7,5
2476.85,5
2477.01,5
2477.16,5
2477.31,5
2477.46,5
2477.62,5
2477.77,5
2477.92,5
2478.07,5
2478.23,5
2478.38,5
2478.53,5
2478.68,5
2478.83,5
2478.99,5
2479.14,5
2479.29,5
2479.44,5
2479.6,5
2479.75,5
2479.9,5
2480.05,5
2480.21,5
2480.36,5
2480.51,5
2480.66,5
2480.82,5
2480.97,5
2481.12,5
2481.27,5
2481.43,5
2481.58,5
2481.73,5
2481.88,5
2482.04,5
2482.19,5
2482.34,5
2482.49,5
2482.64,5
2482.8,5
2482.95,5
2483.1,5
2483.25,5
2483.41,5
2483.56,5
2483.71,5
2483.86,5
2484.02,5
2484.17,5
2484.32,5
2484.47,5
2484.63,5
2484.78,5
2484.93,5
2485.08,5
2485.24,5
2485.39,5
2485.54,5
2485.69,5
2485.85,5
2486,5
2486.15,5
2486.3,5
2486.45,5
2486.61,5
2486.76,5
2486.91,5
2487.06,5
2487.22,5
2487.37,5
2487.52,5
2487.67,5
2487.83,5
2487.98,5
2488.13,5
2488.28,5
2488.44,5
2488.59,5
2488.74,5
2488.89,5
2489.05,5
2489.2,5
2489.35,5
2489.5,5
2489.66,5
2489.81,5
2489.96,5
2490.11,5
2490.26,5
2490.42,5
2490.57,5
2490.72,5
2490.87,5
2491.03,6
2491.18,6
2491.33,6
2491.48,6
2491.64,6
2491.79,6
2491.94,6
2492.09,6
2492.25,6
2492.4,6
2492.55,6
2492.7,6
2492.86,6
2493.01,6
2493.16,6
2493.31,6
2493.47,6
2493.62,6
2493.77,6
2493.92,6
2494.07,6
2494.23,6
2494.38,6
2494.53,6
2494.68,6
2494.84,6
2494.99,6
2495.14,6
2495.29,6
2495.45,6
2495.6,6
2495.75,6
2495.9,6
2496.06,6
2496.21,6
2496.36,6
2496.51,6
2496.67,6
2496.82,6
2496.97,6
2497.12,6
2497.28,6
2497.43,6
2497.58,6
2497.73,6
2497.88,6
2498.04,6
2498.19,6
2498.34,6
2498.49,6
2498.65,6
2498.8,6
2498.95,6
2499.1,6
2499.26,6
2499.41,6
2499.56,6
2499.71,6
2499.87,6
2500.02,6
2500.17,6
2500.32,6
2500.48,6
2500.63,6
2500.78,6
2500.93,6
2501.09,7
2501.24,7
2501.39,7
2501.54,7
2501.69,7
2501.85,7
2502,7
2502.15,7
2502.3,7
2502.46,7
2502.61,7
2502.76,7
2502.91,7
2503.07,7
2503.22,7
2503.37,7
2503.52,7
2503.68,7
2503.83,7
2503.98,7
2504.13,7
2504.29,7
2504.44,7
2504.59,7
2504.74,7
2504.9,7
2505.05,7
2505.2,7
2505.35,7
2505.5,7
2505.66,7
2505.81,7
2505.96,7
2506.11,7
2506.27,7
2506.42,7
2506.57,7
2506.72,7
2506.88,7
2507.03,7
2507.18,7
2507.33,7
2507.49,7
2507.64,7
2507.79,7
2507.94,7
2508.1,7
2508.25,7
2508.4,7
2508.55,7
2508.71,7
2508.86,7
2509.01,7
2509.16,7
2509.31,7
2509.47,7
2509.62,7
2509.77,7
2509.92,7
2510.08,7
2510.23,7
2510.38,7
2510.53,7
2510.69,7
2510.84,7
2510.99,7
2511.14,7
2511.3,7
2511.45,7
2511.6,7
2511.75,7
2511.91,7
2512.06,7
2512.21,7
2512.36,7
2512.52,7
2512.67,7
2512.82,7
2512.97,7
2513.12,7
2513.28,7
2513.43,7
2513.58,7
2513.73,7
2513.89,7
2514.04,7
2514.19,7
2514.34,7
2514.5,7
2514.65,7
2514.8,7
2514.95,7
2515.11,7
2515.26,7
2515.41,7
2515.56,7
2515.72,7
2515.87,7
2516.02,7
2516.17,7
2516.33,7
2516.48,7
2516.63,7
2516.78,7
2516.93,7
2517.09,7
2517.24,7
2517.39,7
2517.54,7
2517.7,7
2517.85,7
2518,7
2518.15,7
2518.31,7
2518.46,7
2518.61,7
2518.76,7
2518.92,7
2519.07,7
2519.22,7
2519.37,7
2519.53,7
2519.68,7
2519.83,7
2519.98,7
2520.14,7
2520.29,7
2520.44,7
2520.59,7
2520.74,7
2520.9,7
2521.05,7
2521.2,7
2521.35,7
2521.51,7
2521.66,7
2521.81,7
2521.96,7
2522.12,7
2522.27,7
2522.42,7
2522.57,7
2522.73,7
2522.88,7
2523.03,7
2523.18,7
2523.34,7
2523.49,7
2523.64,7
2523.79,7
2523.95,7
2524.1,7
2524.25,7
2524.4,7
2524.55,7
2524.71,7
2524.86,7
2525.01,7
2525.16,7
2525.32,7
2525.47,7
2525.62,7
2525.77,7
2525.93,7
2526.08,7
2526.23,7
2526.38,7
2526.54,7
2526.69,7
2526.84,7
2526.99,7
2527.15,7
2527.3,7
2527.45,7
2527.6,7
2527.76,7
2527.91,7
2528.06,7
2528.21,7
2528.36,7
2528.52,7
2528.67,7
2528.82,7
2528.97,7
2529.13,7
2529.28,7
2529.43,7
2529.58,7
2529.74,7
2529.89,7
2530.04,7
2530.19,7
2530.35,7
2530.5,7
2530.65,7
2530.8,7
2530.96,7
2531.11,7
2531.26,7
2531.41,7
2531.57,7
2531.72,7
2531.87,7
2532.02,7
2532.17,7
2532.33,7
2532.48,7
2532.63,7
2532.78,7
2532.94,7
2533.09,7
2533.24,7
2533.39,7
2533.55,7
2533.7,7
2533.85,7
2534,7
2534.16,7
2534.31,7
2534.46,7
2534.61,7
2534.77,7
2534.92,7
2535.07,7
2535.22,7
2535.38,7
2535.53,7
2535.68,7
2535.83,7
2535.98,7
2536.14,7
2536.29,7
2536.44,7
2536.59,7
2536.75,7
2536.9,7
2537.05,7
2537.2,7
2537.36,7
2537.51,7
2537.66,7
2537.81,7
2537.97,7
2538.12,7
2538.27,7
2538.42,7
2538.58,7
2538.73,7
2538.88,7
2539.03,7
2539.19,7
2539.34,7
2539.49,7
2539.64,7
2539.79,7
2539.95,7
2540.1,7
2540.25,7
2540.4,7
2540.56,7
2540.71,7
2540.86,7
2541.01,7
2541.17,7
2541.32,7
2541.47,7
2541.62,7
2541.78,7
2541.93,7
2542.08,7
2542.23,7
2542.39,7
2542.54,7
2542.69,7
2542.84,7
2543,7
2543.15,7
2543.3,7
2543.45,7
2543.6,7
2543.76,7
2543.91,7
2544.06,7
2544.21,7
2544.37,7
2544.52,7
2544.67,7
2544.82,7
2544.98,7
2545.13,7
2545.28,7
2545.43,7
2545.59,7
2545.74,7
2545.89,7
2546.04,7
2546.2,7
2546.35,7
2546.5,7
2546.65,7
2546.81,7
2546.96,7
2547.11,7
2547.26,7
2547.41,7
2547.57,7
2547.72,7
2547.87,7
2548.02,7
2548.18,7
2548.33,7
2548.48,7
2548.63,7
2548.79,7
2548.94,7
2549.09,7
2549.24,7
2549.4,7
2549.55,7
2549.7,7
2549.85,7
2550.01,7
2550.16,7
2550.31,7
2550.46,7
2550.62,7
2550.77,7
2550.92,7
2551.07,7
2551.22,7
2551.38,7
2551.53,7
2551.68,7
2551.83,7
2551.99,7
2552.14,7
2552.29,7
2552.44,7
2552.6,7
2552.75,7
2552.9,7
2553.05,7
2553.21,7
2553.36,7
2553.51,7
2553.66,7
2553.82,7
2553.97,7
2554.12,7
2554.27,7
2554.43,7
2554.58,7
2554.73,7
2554.88,7
2555.03,7
2555.19,7
2555.34,7
2555.49,7
2555.64,7
2555.8,7
2555.95,7
2556.1,7
2556.25,7
2556.41,7
2556.56,7
2556.71,7
2556.86,7
2557.02,7
2557.17,7
2557.32,7
2557.47,7
2557.63,7
2557.78,7
2557.93,7
2558.08,7
2558.24,7
2558.39,7
2558.54,7
2558.69,7
2558.84,7
2559,7
2559.15,7
2559.3,7
2559.45,7
2559.61,7
2559.76,7
2559.91,7
2560.06,7
2560.22,7
2560.37,7
2560.52,7
2560.67,7
2560.83,7
2560.98,7
2561.13,7
2561.28,7
2561.44,7
2561.59,7
2561.74,7
2561.89,7
2562.05,7
2562.2,7
2562.35,7
2562.5,7
2562.65,7
2562.81,7
2562.96,7
2563.11,7
2563.26,7
2563.42,7
2563.57,7
2563.72,7
2563.87,7
2564.03,7
2564.18,7
2564.33,7
2564.48,7
2564.64,7
2564.79,7
2564.94,7
2565.09,7
2565.25,7
2565.4,7
2565.55,7
2565.7,7
2565.86,7
2566.01,7
2566.16,7
2566.31,7
2566.46,7
2566.62,7
2566.77,7
2566.92,7
2567.07,7
2567.23,7
2567.38,7
2567.53,7
2567.68,7
2567.84,7
2567.99,7
2568.14,7
2568.29,7
2568.45,7
2568.6,7
2568.75,7
2568.9,7
2569.06,7
2569.21,7
2569.36,7
2569.51,7
2569.67,7
2569.82,7
2569.97,7
2570.12,7
2570.27,7
2570.43,7
2570.58,7
2570.73,7
2570.88,7
2571.04,7
2571.19,7
2571.34,7
2571.49,7
2571.65,7
2571.8,7
2571.95,7
2572.1,7
2572.26,7
2572.41,7
2572.56,7
2572.71,7
2572.87,7
2573.02,7
2573.17,7
2573.32,7
2573.48,7
2573.63,7
2573.78,7
2573.93,7
2574.08,7
2574.24,7
2574.39,7
2574.54,7
2574.69,7
2574.85,7
2575,7
2575.15,7
2575.3,7
2575.46,7
2575.61,7
2575.76,7
2575.91,7
2576.07,7
2576.22,7
2576.37,7
2576.52,7
2576.68,7
2576.83,7
2576.98,7
2577.13,7
2577.29,7
2577.44,7
2577.59,7
2577.74,7
2577.89,7
2578.05,7
2578.2,7
2578.35,7
2578.5,7
2578.66,7
2578.81,7
2578.96,7
2579.11,7
2579.27,7
2579.42,7
2579.57,7
2579.72,7
2579.88,7
2580.03,7
2580.18,7
2580.33,7
2580.49,7
2580.64,7
2580.79,7
2580.94,7
2581.1,7
2581.25,7
2581.4,7
2581.55,7
2581.7,7
2581.86,7
2582.01,7
2582.16,7
2582.31,7
2582.47,7
2582.62,7
2582.77,7
2582.92,7
2583.08,8
2583.23,8
2583.38,8
2583.53,8
2583.69,8
2583.84,8
2583.99,8
2584.14,8
2584.3,8
2584.45,8
2584.6,8
2584.75,8
2584.91,8
2585.06,8
2585.21,8
2585.36,8
2585.51,8
2585.67,8
2585.82,8
2585.97,8
2586.12,8
2586.28,8
2586.43,8
2586.58,8
2586.73,8
2586.89,8
2587.04,8
2587.19,8
2587.34,8
2587.5,8
2587.65,8
2587.8,8
2587.95,8
2588.11,8
2588.26,8
2588.41,8
2588.56,8
2588.72,8
2588.87,8
2589.02,8
2589.17,8
2589.32,8
2589.48,8
2589.63,8
2589.78,8
2589.93,8
2590.09,8
2590.24,8
2590.39,8
2590.54,8
2590.7,8
2590.85,8
2591,8
2591.15,8
2591.31,8
2591.46,8
2591.61,8
2591.76,8
2591.92,8
2592.07,8
2592.22,8
2592.37,8
2592.53,8
2592.68,8
2592.83,8
2592.98,8
2593.13,8
2593.29,8
2593.44,8
2593.59,8
2593.74,8
2593.9,8
2594.05,8
2594.2,8
2594.35,8
2594.51,8
2594.66,8
2594.81,8
2594.96,8
2595.12,8
2595.27,8
2595.42,8
2595.57,8
2595.73,8
2595.88,8
2596.03,8
2596.18,8
2596.34,8
2596.49,8
2596.64,8
2596.79,8
2596.94,8
2597.1,8
2597.25,8
2597.4,8
2597.55,8
2597.71,8
2597.86,8
2598.01,9
2598.16,9
2598.32,9
2598.47,9
2598.62,9
2598.77,9
2598.93,9
2599.08,9
2599.23,9
2599.38,9
2599.54,9
2599.69,9
2599.84,9
2599.99,9
2600.15,9
2600.3,9
2600.45,9
2600.6,9
2600.75,9
2600.91,9
2601.06,9
2601.21,9
2601.36,9
2601.52,9
2601.67,9
2601.82,9
2601.97,9
2602.13,9
2602.28,9
2602.43,9
2602.58,9
2602.74,9
2602.89,9
2603.04,9
2603.19,9
2603.35,9
2603.5,9
2603.65,9
2603.8,9
2603.96,9
2604.11,9
2604.26,9
2604.41,9
2604.56,9
2604.72,9
2604.87,9
2605.02,9
2605.17,9
2605.33,9
2605.48,9
2605.63,9
2605.78,9
2605.94,9
2606.09,9
2606.24,9
2606.39,9
2606.55,9
2606.7,9
2606.85,9
2607,9
2607.16,9
2607.31,9
2607.46,9
2607.61,9
2607.77,9
2607.92,9
2608.07,9
2608.22,9
2608.37,9
2608.53,9
2608.68,9
2608.83,9
2608.98,9
2609.14,9
2609.29,9
2609.44,9
2609.59,9
2609.75,9
2609.9,9
2610.05,9
2610.2,9
2610.36,9
2610.51,9
2610.66,9
2610.81,9
2610.97,9
2611.12,9
2611.27,9
2611.42,9
2611.58,9
2611.73,9
2611.88,9
2612.03,9
2612.18,9
2612.34,9
2612.49,9
2612.64,9
2612.79,9
2612.95,9
2613.1,9
2613.25,9
2613.4,9
2613.56,9
2613.71,9
2613.86,9
2614.01,9
2614.17,9
2614.32,9
2614.47,9
2614.62,9
2614.78,9
2614.93,9
2615.08,9
2615.23,9
2615.39,9
2615.54,9
2615.69,9
2615.84,9
2615.99,9
2616.15,9
2616.3,9
2616.45,9
2616.6,9
2616.76,9
2616.91,9
2617.06,9
2617.21,9
2617.37,9
2617.52,9
2617.67,9
2617.82,9
2617.98,9
2618.13,9
2618.28,9
2618.43,9
2618.59,9
2618.74,9
2618.89,9
2619.04,9
2619.2,9
2619.35,9
2619.5,9
2619.65,9
2619.8,9
2619.96,9
2620.11,9
2620.26,9
2620.41,9
2620.57,9
2620.72,9
2620.87,9
2621.02,9
2621.18,9
2621.33,9
2621.48,9
2621.63,9
2621.79,9
2621.94,9
2622.09,9
2622.24,9
2622.4,9
2622.55,9
2622.7,9
2622.85,9
2623.01,9
2623.16,9
2623.31,9
2623.46,9
2623.61,9
2623.77,9
2623.92,9
2624.07,9
2624.22,9
2624.38,9
2624.53,9
2624.68,9
2624.83,9
2624.99,9
2625.14,9
2625.29,9
2625.44,9
2625.6,9
2625.75,9
2625.9,9
2626.05,9
2626.21,9
2626.36,9
2626.51,9
2626.66,9
2626.82,9
2626.97,9
2627.12,9
2627.27,9
2627.42,9
2627.58,9
2627.73,9
2627.88,9
2628.03,9
2628.19,9
2628.34,9
2628.49,9
2628.64,9
2628.8,9
2628.95,9
2629.1,9
2629.25,9
2629.41,9
2629.56,9
2629.71,9
2629.86,9
2630.02,9
2630.17,9
2630.32,9
2630.47,9
2630.63,9
2630.78,9
2630.93,9
2631.08,9
2631.23,9
2631.39,9
2631.54,9
2631.69,9
2631.84,9
2632,9
2632.15,9
2632.3,9
2632.45,9
2632.61,9
2632.76,9
2632.91,9
2633.06,9
2633.22,9
2633.37,9
2633.52,9
2633.67,9
2633.83,9
2633.98,9
2634.13,9
2634.28,9
2634.44,9
2634.59,9
2634.74,9
2634.89,9
2635.04,9
2635.2,9
2635.35,9
2635.5,9
2635.65,9
2635.81,9
2635.96,9
2636.11,9
2636.26,9
2636.42,9
2636.57,9
2636.72,9
2636.87,9
2637.03,9
2637.18,9
2637.33,9
2637.48,9
2637.64,9
2637.79,9
2637.94,9
2638.09,9
2638.25,9
2638.4,9
2638.55,9
2638.7,9
2638.85,9
2639.01,9
2639.16,9
2639.31,9
2639.46,9
2639.62,9
2639.77,9
2639.92,9
2640.07,9
2640.23,9
2640.38,9
2640.53,9
